Artist,Title
10cc,Art for Art’s Sake
ABBA,Fernando
ABBA,Dancing Queen
ABC,How to Be a Millionaire
ACDC,You Shook Me (All Night Long)
ACDC,Thunderstruck
ACDC,Hell’s Bells
Acetone,Prick Tease
Aerosmith,Walk This Way
Aerosmith,Sweet Emotion
Aerosmith,Last Child
Air Supply,The One That You Love
-Alt-J,Every Other Freckle
Alabama,Mountain Music
Alan Parsons Project,Games People Play
Alice Cooper,Raped and Freezin’
Alice Cooper,Cold Ethel
Alice Cooper,Escape
Alicia Bridges,I Love the Night Life
Andrea True Connection,More More More
Andrew Gold,Lonely Boy
April Wine,Oowatanite
April Wine,Weeping Widow
April Wine,Drop Your Guns
Aretha Franklin,Rock Steady
Argent,Hold Your Head Up
Artist Presently Known As Ed,New Ex Girlfriend
Asia,Heat of the Moment
Asia,Only Time Will Tell
Avril Lavigne,Complicated
B’52s,Downtown
B’52s,Love Shack
B-52s,Rock Lobster
Babies,Looking for Love
Bachman Turner Overdrive (BTO),Hey You
Bachman Turner Overdrive (BTO),You Ain’t Seen Nothing Yet!
Bad Brains,Pay to Cum
Bad Company,Walk Through Fire
Bad Company,Holy Water
Bad Finger,No Matter What
Bangles,Hazy Shade Of Winter
Barry White,"Can’t Get Enough of Your Love, Babe"
Beastie Boys,Hey Ladies
Beastie Boys,She’s Crafty
Beatles,Everybody’s Got Something To Hide Except Me And My Monkey
Beatles,Hard Days Night
Beatles,Helter Skelter
Beatles,Taxman
Beatles,Drive My Car
Beatles,You Can’t Do That
Beatles,I Call Your Name
Beatles,Revolution
Beck,Mixed Business
Bee Gees,Jive Talkin’
Berlin,Take My Breath Away
Big Star,She’s A Mover
Big Mama Thorton,Big Star Kangaroo
Big Star,In the Street
Bill Chase,Get It On
Billy Idol,White Wedding
Billy Joel,We Didn’t Start the Fire
Black Crowes,Wiser Time
Black Crowes,Gone
Black Crowes,P.25 London
Black Crowes,High Head Blues
Black Legend,You See the Trouble With Me
Black Sabbath,Wizard
Black Sabbath,Megalomania
Blind Faith,Well All Right
Blink 182,Felling
The Tide is high,Blondie
"Blood, Sweat, and Tears",Spinning Wheel
Blue Oyster Cult,Don’t Fear the Reaper
Blue Suede,Hooked on a Feeling
Blues Brothers Band,Gimme’ Some Lovin’
Blur,Tracy Jacks
Boards of Canada,Aquarius
Bob Dylan,Lay Lady Lay
Bob Dylan,Crawl Out Your Window
Bob James,Take Me To The Mardi Gras
Bob Seger,Her Strut
Bob Seger,Lucifer
Bob Seger,You’ll Accompany Me
Bob Seger,Old Time Rock N Roll
Bobby Bloom,Montego Bay
Bon Jovi,It’s my Life
Bon Jovi,Blame it on the Love of Rock and Roll
Bon Jovi,Bad Medicine
Booker T and the MGs,Soul Limbo
Bootsy Collins,Roto Rooter
Britney Spears,Cinderella
Britney Spears,Sometimes
Britney Spears,Hit Me Baby One More Time
Britney Spears,Crazy
Brother Cane,Got No Shame
Bruce Springsteen,Born to Run
Bruce Springsteen,Darlington County
BTO,Ain’t Seen Nothing Yet
Buena Vista Social Club,De Camino a La Vereda
Buoys,Timothy
Cake,Never There
Cake,The Distance
Cake,Short Skirt Long Jacket
Carly Simon,You’re So Vain
Caravan,Cunning Stunts
Carpenters,Superstar
Chambers Brothers,Time Has Come
Charlie Daniels Band,Devil Went Down To Georgia
Cheap Trick,Dream Police
Cheech and Chong,Earache My Eye
Cher,Halfbreed
Chicago,Happy ‘Cause I’m Going Home
Chicago,Listen
Chicago,I’m A Man
Chris Rea,Fool If You Think It’s Over
"Christina Aguilera, et al.",Lady Marmalade
Cibo Mato,About a Girl
Cinderella,Shake Me
Chappell Roan,Super Graphic Ultra Modern Girl
Clash,Clampdown
Climax Blues Band,Couldn’t Get It Right
Clutch,Wishbone
Clutch,Release the Dub
Coal Chamber,Big Truck
Commodores,Brickhouse
Cornelius Brothers and Sister Rose,Treat Her Like A Lady
Count Five,Psychotic Reaction
Cowboy Junkies,Anniversary Song
Cranberries,Free to Decide
Cranberries,Zombie
Crazy Switch,I’ve Got a Fever! (Cowbell Remix)
Creedence Clearwater Revival,Pagan Baby
Creedence Clearwater Revival,Heard It Through the Grapevine
Creedence Clearwater Revival,Born On The Bayou
Creedence Clearwater Revival,Down on the Corner
Crosses,Penance
"Crosby, Stills & Nash",Southern Cross
"Crosby, Stills, Nash and Young",Suite: Judy Blue Eyes
Cult,Love Removal Machine
Curtis Mayfield,Freddie’s Dead
Cycle Sluts From Hell,Badass Mama
Dag Nasty,Simple Minds
Dale Hawkins,Susie-Q
Dan Fogelberg,Language of Love
Dave Mathews Band,Warehouse
Dave Matthews Band,Cry Freedom
Dave Matthews Band,I Did It
David Bowie,Diamond Dogs
David Bowie,Tonight
David Lee Roth,Goin’ Crazy
David Lee Roth,Ladies Night in Buffalo
Days of the New,The Down Town
Dead or Alive,You Spin Me Around
D”Angelo,Unshaken
Dee Lite,Groove is in the Heart
Deep Purple,You Fool No One
Deep Purple,Somebody Stole My Guitar
Def Leppard,Photograph
Def Leppard,Rock of Ages
Def Leppard,Pour Some Sugar on Me
Def Leppard,Foolin’
Delbert McClinton,Givin It Up For Your Love
Deliverance,You Am I
Detroit,Rock and Roll
Dire Straights,Every Street
Dirtbombs,Do You See My Love (For You Growing)
Dirty Mary,Drinkin’ & Drivin’
Disastronaut,808 cowbell (e.p.)
Discarded,Follow This
Disturbed,Shout
Dixie Chicks,Goodbye Earl
Dixie Chicks,Wide Open Spaces
Dixie Dregs,Take it Off the Top
Dolly Parton,Jolene
Don MacLean,American Pie
Donald Fagen,New Frontier
Donald Fagen,New Frontier
Donovan,Riki Tiki Tavi
Donna Summer,I Feel Love
Donnas,You Wanna Get Me High
Donnas,On the Rocks
Donnas,Who Invited You
Donnas,Well Done
Donnas,Hook it Up
Doves,There Goes The Fear
Dragstrip Syndicate,Bricklayer
Dream Theater,Trial Of Tears
Dream Theater,Caught In A Web
Drivin’ ‘N’ Cryin’,Fly Me Courageous
Duran Duran,Reflex
Duran Duran,Hungry Like the Wolf
Duran Duran,Rio
Duran Duran,Union Of The Snake
Eagles,Hotel California
"Earth, Wind, and Fire",September
Earth Wind and Fire,Serpentine Fire
Eddie Murphy,Party All The Time
Edgar Winter Group,Frankenstein
Edgar Winter Group,Alta Mira
Electric Light Orchestra (ELO),Evil Woman
Electric Light Orchestra (ELO),Mr. Blue Sky
Electric Prunes,Wind Up Toys
Elton John,Madman Across the Water
Elton John,Sick City
Elton John,Yellowbrick Road
Elton John,Chicago Ballad of a Well-Known Gun
Elvis Costello,Everyday I Write the Book
Elvis Costello,Veronica
Elvis Presley,A Little Less Conversation (2002 Re-Mix)
Elvis Presley,Burning Love
Emerson Lake and Palmer (ELP),Trilogy
EMF,Unbelievable
Eminem,Real Slim Shady
En Vogue,Free Your Mind
Escape Club,Wild Wild West
Everything But the Girl,Missing
Every Time I Die,I’ve Been Gone a Long Time
Extreme,Peacemaker Die
Fatboy Slim,Weapon of Choice
Fire Engines,Get Up Use Me
Fireballs of Freedom,Sweat Vest
Flaming Lips,The Gash
Fleetwood Mac,Go Your Own Way
Fleetwood Mac,Oh Well
Fleetwood Mac,Gold Dust Woman
Fleetwood Mac,Hold Me
Flock of Seagulls,I Ran (So Far Away)
Foghat,Fool For The City
Foghat,Drivin’ Wheel
Frank Sinatra,Flakes
Frank Sinatra,My Way
Frank Zappa,Broken Hearts Are For Assholes
Free,All Right Now
Front End Loader,All Star Jam
Fu Manchu,Ampn’
Fu Manchu,Bultaco
Fu Manchu,Mongoose
Fu Manchu,Urethane
Funkadelic,Super Stupid
Funkadelic,Better By the Pound
Gap Band,Party Train
Genesis,Dodo/Lurker
Genesis,"Tonight, Tonight, Tonight"
Gentle Giant,Peel the Paint
George Benson,On Broadway
Golden Earring,Radar Love
Gov’t Mule,Thorazine Shuffle
Grand Funk Railroad,We’re an American Band
Grateful Dead,Touch of Grey
Grateful Dead,Dark Star
Grateful Dead,Good Lovin’
Greggers,In ‘Da Bum
Gritty Kitty,Ice Cream
Guadalcanal Diary,Cattle Prod
Guided by Voices,Rhine Jive Click
Guns n Roses,Nightrain
Guns n Roses,Bad Obsession
Guns n Roses,Mr. Brownstone
Guns n Roses,Think About You
Guns n Roses,Welcome to the Jungle
Guns n Roses,It’s So Easy
Gypsy,Here in the Garden (part one)
GWAR,Rock N’ Roll Never Felt So Good
Hall and Oates,Private Eyes
Hall and Oates,Method Of Modern Love
Harry Nilsson,Coconut
Harry Nilsson,Jump Into The Fire
Head East,Never Been Any Reason
Heart,White Lightning and Wine
Heaven 17,Penthouse and Pavement
Hentchmen,Polish Lady
Hippos,Wasting My Life
Honey Boy Martin,Hey Leroy
Hot Hot Heat,"Talk to Me, Dance with Me"
Huey Lewis and The News,Heart and Soul
Hugh Masekela,Grazin’ In The Grass
Human League,Don’t You Want Me
Iggy And The Stooges,Raw Power
Iggy Pop,Sixteen
Inxs,Wild Life
Iron Butterfly,Innagaddavida
Iron Butterfly,Get it Out
Iron Maiden,Hooks in You
Iron Maiden,Can I Play With Madness?
Isaac Hayes,Hung Up On My Baby
J. Geils Band,Ain’t Nothing Like A House Party
J. Geils Band,Give It To Me
Jackie Moore,This Time Baby
Jaggerz,The Rapper
Jam,‘A’ Bomb In Wardour Street
James Brown,My Thang
James Brown,The Spank Part I
James Gang,Funk #49
Janet Jackson,Black Cat
Jeanette “Lady” Day,Come Let Me Love You
Jefferson Starship,Jane
Jennifer Trynin,Better Than Nothin
Jeremy Grey,Neon Lights
Jerry Reed,Amos Moses
Jerry Reed,"When You’re Hot, You’re Hot"
Jethro Tull,Cross Eyed Mary
Jethro Tull,Black Satin Dancer
Jethro Tull,Minstrel in the Gallery
Jethro Tull,Bungle in the Jungle
Jigsaw,Sky High
Jimi Hendrix,Fire
Jimi Hendrix,Purple Haze
Jimi Hendrix,Stone Free
Jimi Hendrix,Dolly Dagger
Jimi Hendrix,EZ Ryder
Jimmy Buffet,Margaritaville
Jimmy Buffet,Fins
Jimmy Buffet,Cheeseburger in Paradise
Jimmy Buffett,Fins
Jimmy Eat World,The Middle
Jimmy Fallon,Copuito
Joan Jet and the Black Hearts,Gotcha
Joe Cocker,Hitchcock Railway
Joe Cocker,Leave Your Hat On
Joe Jackson,Right and Wrong
Joe Satriani,Mighty Turtle Head
Joe Satriani,Mystical Potato Head Groove Thing
Joe Satriani,Look My Way
Joe Walsh,Rocky Mountain Way
Joe Walsh,Life’s Been Good
John Cougar Mellencamp,Cherry Bomb
John Cougar Mellencamp,Pink Houses
John Cougar Mellencamp,Minutes to Memories
John Cougar Mellencamp,I Need a Lover
John Denver,Annie’s Song
John Lennon,Imagine
Johnny Rivers,Rocking’ Pneumonia and The Boogie Woogie Flu
Journey,Open Arms
Journey,Wheel in the Sky
Judas Priest,Breaking the Law
Juliana Hatfield,Everybody Loves Me But You
KC & the Sunshine Band,Get Down Tonight
Kim Carnes,Betty Davis Eyes
King’s X,Fall on Me
Kingsmen,Louie Louie
Kiss,Calling Dr. Love
Kiss,All the Way
Kiss,Firehouse
Kiss,Ladies Room
Kiss,The Oath
Kiss,Dark Light
Kiss,Rock and Roll All Night
Kiss,Mainline
Kiss,Love Her All I Can
KMFDM,Power
Knack,My Sharona
Knacker,Girlfriend
LCD Soundsystem,Daft Punk is Playing at My House
Led Zeppelin,"Good Times, Bad Times"
Led Zeppelin,Stairway to Heaven
Led Zeppelin,Kashmir
Led Zeppelin,Moby Dick
Led Zeppelin,Houses of the Holy
Led Zeppelin,Bring it on Home
Len,Steal My Sunshine
Les McCann & Eddie Harris,Compared to What
Linda Ronstadt,Poor Poor Pitiful Me
Linda Ronstadt,It’s So Easy
Linda Ronstadt,Just One Look
Linkin Park,The End
Lionel Ritchie,All Night Long
Lionel Ritchie and Diana Ross,Endless Love
"Lipps, Inc.",Funky Town
Liquid Liquid,Optimo
Little Feat,Fat Man in the Bath Tub
Little John,Inevitable
LL Cool J,Rock The Bells
Local H,Cool Magnet
Lofreq,High Roller
Lords of Acid,Pussy
Lotion,Juggernaut
Lou Reed,Vicious
Love and Rockets,So Alive
Loverboy,Working For the Weekend
Lynyrd Skynyrd,Gimme Three Steps
Madonna,Justify My Love
Madonna,Bad Girl
Madonna,Holiday
Mary Clayton,It’s In His kiss
Major Lance,Come See
Marvin Gaye,Give It Up
Matchbox Twenty,Disease
Matthew Sweet,Into Your Drug
Matthew Sweet,So Far
Melissa Manchester,Don’t Cry Out Loud
Mellisa Ethridge,Come to my Window
Metallica,Master of Puppets
Metallica,For Whom the Bell Tolls
Metallica,My Friend of Misery
Meters,Chicken Strut
Miami Sound Machine,Rhythm is Gonna Getcha
Michael Jackson,Don’t Stop ‘Til You Get Enough
Midnight Oil,Beds Are Burning
Missy Elliot,Work It
Moby Grape,Omaha
Montrose,Rock the Nation
Mother Hips,Song in a Can
Motley Crue,Live Wire
Motley Crue,Come On And Dance
Motley Crue,She Goes Down
Motley Crue,Dr. Feelgood
Mountain,Mississippi Queen
Mountain,Never In My Life
Move,Do Ya
Mr. Bungle,Squeeze Me Macaroni
Mungo Jerry,In the Summertime
Nazareth,Hair of the Dog
Nazareth,Whisky Drinkin’ Woman
Nazareth,Carry Out Feelings
Nebula,You Mean Nothing
New Order,Perfect Kiss
New York Dolls,Private World
Norah Jones,Come Away With Me
Offspring,Pretty Fly (For a White Guy)
Ohio Players,Love Rollercoaster
Olivia Newton-John,Physical
Outlaws,Waterhole
Pantera,Revolution Is My Name
Pantera,Drag the Waters
Parliament Funkadelic,One Nation Under a Groove
Patsy Cline,Crazy
Paul McCartney & Wings,Venus and Mars/Rock Show
Paul Revere And The Raiders,Just Seventeen
Paul Revere And The Raiders,Let Me!
Paul Simon,Late in the Evening
Paul Weller,Talisman
Pavement,Silent Kid
Peaches and Herb,Shake Your Groove Thing
Pebbles,Mercedes Boy
Perry Como,Moon River
Pet Shop Boys,Always On My Mind
Pete Droge,If You Don’t Love Me (I’ll kill myself)
Peter Frampton,Do You Feel
Peter Gabriel,And Through the Wire
Peter Gabriel,Family Snapshot
Peter Gabriel,Games Without Frontiers
Peter Wolfe,Lights Out
Petony,Goin’ On
Phish,46 Days
Pink,I’m Coming Up
Pink Floyd,Young Lust
Pink Floyd,Pigs (three different ones)
Pixies,U-Mass
Player,Silver Lining
Poison,Back To The Rocking Horse
Poison,Look What the Cat Dragged In
Poison,Unskinny Bop
Police,Walking on the Moon
Police,Roxanne
Porno for Pyros,Pets
Powerstation,Some Like it Hot
Presidents of the USA,Bath of Fire
Pretenders,Brass in Pocket
Prince,Life Can Be So Nice
Prince,You Got The Look
Prince,Endorphinmachine
Prince,Cream
Prince,Little Red Corvette
Procol Harum,Whiskey Train
Puddle of Mudd,She Hates Me
Queen,We Will Rock You
Queen,Keep Yourself Alive
Queen,Bohemian Rhapsody
Queen,Crazy Little Thing Called Love
Queen,Liar
Queen,Who Needs You
Queens Of The Stone Age,Little Sister
Queensryche,Silent Lucidity
Quincy Jones,Sanford and Son Theme
R.E.M.,Ignoreland
Rachael Yamagata,Accident>
Radio Four,Dance To The Underground
Radiohead,Creep
Radiohead,Electioneering
Rage Against The Machine,Killing In The Name
Rage Against the Machine,Freedom
Rainbow,Still I’m Sad
Ramones,Suzy is a Headbanger
Randy Edelman,Concrete and Clay
Rapture,House of Jealous Lovers
Rapture,Out of the Races and Onto the Tracks
Raspberries,The Partys Over
Raw Power,F*ck Authority
Red Hot Chilli Peppers,Skinny Sweaty Man
Red Hot Chilli Peppers,Breaking the Girl
Red Hot Chilli Peppers,Show Me Your Soul
REO Speedwagon,Like You Do
Replacements,Left of the Dial
Replacements,Alex Chilton
Rick Derringer,Uncomplicated
Rick Derringer,Rock and Roll Hoochie Coo
Ricky Nelson,Hello Mary Lou
Ricky Nelson,I’m a Traveling Man
Robin Trower,Lady Love
Rodney Dangerfield,Twist And Shout
Rolling Stones,Wild Horses
Rolling Stones,Satisfaction
Rolling Stones,Lets Spend the Night Together
Rolling Stones,Honky Tonk Woman
Rossington Collins Band,Don’t Misunderstand Me
Run DMC,King of Rock
Runaways,I Love Playin’ With Fire
Runaways,Rock and Roll Music
Rush,Big Money
Rush,In The Mood
Rush,Witch Hunt
Rush,Limelight
Rush,Trees
Rush,I Think I’m Going Bald
Rush,Xanadu
Salt n Pepper,Push It
Sam and Dave,Hold On I’m Comin’
Santana,Oye Como Va
Santana,Everybody’s Everything
Santana,Evil Ways
Santana,She’s Not There
Santana w/ Michelle Branch,Game of Love
Scorpions,Pictured Life
Screaming Jets,Sick And Tired
Screaming Jets,Shine On
Selena,Dreaming
Selena,Amor Prohibido
Shania Twain,That Don’t Impress Me Much
Sheila E.,Glamorous Life
Shirley Bassey,Goldfinger
Sigur Ros,Svefn-G-Englar
Simon & Garfunkle,Sounds of Silence
Simple Minds,New Gold Dream (81-82-83-84)
Sinead O’Connor,Nothing Compares 2 U
Sir Mix-a-Lot,Baby’s Got Back
Skid Row,Monkey Business
Slade,Good Time Gals
Slade,The Bangin’ Man
Slayer,South Of Heaven
Sleater Kinney,Sympathy
Sleater-Kinney,Sympathy
Sly and The Family Stone,Every Day People
Sly and The Family Stone,Family Affair
Sly and The Family Stone,Dance to the Music
Smashing Pumpkins,1979
Soft Cell,Tainted Love
Son Volt,Drown
Soundgarden,Spoon Man
Southern Culture on the Skids,Soul City
Southern Culture on the Skids,Fried Chicken and Gasoline
Southern Culture on the Skids,Shotgun
Southern Culture on the Skids,Camel Walk
Spade Cooley,Cowbell Polka
Spirit,Natures Way
Spirit,Mr. Skin
Squad 5-0,Bombs Over Bahgdad
Spencer Davis Group,Love Is Strange — Mickey & Sylvia Gimme Some Loving
Squatweiler,Dale Evans
Stampeders,Sweet City Woman
Standells,Good Guys Don’t Wear White
Stealer’s Wheel,Stuck in the Middle With You
Steely Dan,Do It Again
Stephen Stills,Love the One You’re With
Steve Miller,Jungle Love
Stevie Wonder,Master Blaster
Strawberry Alarm Clock,Incense and Peppermints
Sugar Hill Gang,Rapper’s Delight
Sugar Hill Gang,Apache
Supertramp,Logical Song
Survivor,Eye Of The Tiger
Survivor,Burning Heart
Sweet,Little Willy
Swingin Medallions,Double Shot of My Baby’s Love
SWV,Free Your Mind
Sylvers,Boogie Fever
Syndicate of Sound,Little Girl
Talking Heads,Cross-eyed and Painless
Talking Heads,Once in a Lifetime
Talking Heads,Take me to the River (live version)
Talking Heads,And She Was
Tantric,Breakdown
Ted Nugent,Great White Buffalo
Ted Nugent,Free For All
The Allman Brothers Band,South Bound
The Allman Brothers Band,Dreams
The Allman Brothers Band,Don’t Keep Me Wonderin
The Allman Brothers Band,Ramblin’ Man
The Allman Brothers Band,In Memory of Elizabeth Reed (live)
The Allman Brothers Band,Into the Mistic (live)
The Allman Brothers Band,Rickin’ Horse
The Association,Along Comes Mary
The Refreshments,King of the Hill Theme
The Chambers Brothers,Time Has Come Today
The Pretty Things,We’ll Play House
They Might Be Giants,Put Your Hand On The Computer
Three Dog Night,Black And White
Throw Rag,Lady Boo
Throw Rag,Bag of Glue
Tim Curry,Sweet Transvestite
Tim McGraw,Must be the Cowboy in Me
Tina Turner,Better Be Good to Me
Todd Rundgren,Heavy Metal Kids
Tom Jones,She’s A Lady
Tom Petty,You Wreck Me
Tom Petty & The Heartbreakers,Jammin’ Me
Tommy James & The Shondells,I Think We’re Alone Now
To Mnay Zooz,Every Song They Do Has a Klank!
Tone Loc,Funky Cold Medina
Tony Orlando and Dawn,Knock Three Times
Trapeze,Black Cloud
Traffic,Coloured Rain
Three Dog Night,Shambala
Tremeloes,Here Comes My Baby
Trey Parker,Hang the Bastard
Turtles,She’d Rather Be With Me
Turtles,Outside Chance
Turtles,She’d Rather Be With Me
Twisted Sister,We’re Not Going to Take It
U2,Unforgetable Fire
U2,Stories For Boys
U2,Refugee
Uncle Tupelo,Graveyard Shift
Urge Overkill,Sister Havana
US3,You Can’t Hold Me Down
USA For Africa,We Are The World
Utopia,Hammer In My Heart
Van der Graaf Generator,La Rossa
Van Halen,Drop Dead Legs
Van Halen,Dance the Night Away
Van Halen,Dancing In the Street
Van Halen,Jump
Van Halen,Black and Blue
Van Halen,Tora Tora Loss of Control
Vanity Fair,Hitchin’ A Ride
Velvet Underground,Some Kinda Love
Velvet Underground,Sweet Jane
Vicious Circle,Sleep Again
Victoria Williams,Boogieman
Vixen,How Much Love
Wadsworth Mansion,Sweet Mary
WAR,Low Rider
Warrant,Cherry Pie
Warren Zevon,Basket Case
Warren Zevon,Johnny Strikes Up The Band
Whitesnake,Is This Love
White Witch,Have Thought of Changing?
Whitney Houston,I Will Always Love You
Wilco,Casino Queen
Wild Cherry,Play That Funky Music
Willie Bobo,Spanish Grease
Wilson Picket,Soul Dance Numer Three
Winger,"Easy Come, Easy Go"
Woodshed,Wide Open
XTC,Merely a Man
Yardbirds,For Your Love
Yello,Bostich
Yo La Tengo,Mr. Tough
Yes,Owner Of A Lonely Heart
Ying Yang Twins,Say I Yi Yi
You Am I,Deliverance
Zager & Evans,In The Year 2525
